kind,wp_url,wp_path,lastmod
page,https://www.mylab-shop.com/,/,2025-11-18T17:28:33+00:00
page,https://www.mylab-shop.com/commander/,/commander,2022-03-29T07:34:52+00:00
page,https://www.mylab-shop.com/mon-compte/,/mon-compte,2022-07-18T09:36:53+00:00
page,https://www.mylab-shop.com/notre-histoire-mylab/,/notre-histoire-mylab,2022-07-21T08:20:53+00:00
page,https://www.mylab-shop.com/rejoignez-nous/,/rejoignez-nous,2023-03-09T13:51:39+00:00
page,https://www.mylab-shop.com/partez-a-la-decouverte-de-votre-marque/,/partez-a-la-decouverte-de-votre-marque,2023-04-12T12:43:05+00:00
page,https://www.mylab-shop.com/les-accessoires-my-lab/,/les-accessoires-my-lab,2023-05-26T12:03:34+00:00
page,https://www.mylab-shop.com/huile-seche-cheveux-marque-blanche/,/huile-seche-cheveux-marque-blanche,2023-06-02T08:17:44+00:00
page,https://www.mylab-shop.com/masque-capillaire-professionnel-marque-blanche/,/masque-capillaire-professionnel-marque-blanche,2023-07-05T14:49:03+00:00
page,https://www.mylab-shop.com/shampoing-en-marque-blanche/,/shampoing-en-marque-blanche,2023-07-05T14:51:00+00:00
page,https://www.mylab-shop.com/produit-de-finition-coiffure-marque-blanche/,/produit-de-finition-coiffure-marque-blanche,2023-07-05T14:52:57+00:00
page,https://www.mylab-shop.com/temoignages-clients-2/,/temoignages-clients-2,2023-07-19T12:34:20+00:00
page,https://www.mylab-shop.com/pack-technique/,/pack-technique,2023-09-08T08:39:50+00:00
page,https://www.mylab-shop.com/serum-cheveux-marque-blanche/,/serum-cheveux-marque-blanche,2024-04-10T07:14:57+00:00
page,https://www.mylab-shop.com/creer-sa-marque-de-cosmetique-capillaire-profesionnel-en-ligne/,/creer-sa-marque-de-cosmetique-capillaire-profesionnel-en-ligne,2024-08-17T10:39:44+00:00
page,https://www.mylab-shop.com/creme-capillaire-professionnelle-marque-blanche/,/creme-capillaire-professionnelle-marque-blanche,2024-09-03T12:21:24+00:00
page,https://www.mylab-shop.com/laboratoire-cosmetique-marque-blanche/,/laboratoire-cosmetique-marque-blanche,2024-10-01T14:50:37+00:00
page,https://www.mylab-shop.com/laboratoire-cosmetique-aix-en-provence/,/laboratoire-cosmetique-aix-en-provence,2025-01-25T09:10:06+00:00
page,https://www.mylab-shop.com/laboratoire-cosmetique-lyon/,/laboratoire-cosmetique-lyon,2025-01-25T09:22:12+00:00
page,https://www.mylab-shop.com/laboratoire-cosmetique-a-marseille/,/laboratoire-cosmetique-a-marseille,2025-01-25T09:25:01+00:00
page,https://www.mylab-shop.com/laboratoire-cosmetique-paca/,/laboratoire-cosmetique-paca,2025-01-25T09:31:17+00:00
page,https://www.mylab-shop.com/request-quote/,/request-quote,2025-07-21T07:06:43+00:00
page,https://www.mylab-shop.com/contact/,/contact,2025-08-07T13:16:15+00:00
page,https://www.mylab-shop.com/design-editor/,/design-editor,2025-10-03T11:48:25+00:00
page,https://www.mylab-shop.com/catalogue-prix-et-formules-mylab/,/catalogue-prix-et-formules-mylab,2025-10-10T14:02:54+00:00
page,https://www.mylab-shop.com/modeles-etiquettes/,/modeles-etiquettes,2025-11-06T14:42:03+00:00
page,https://www.mylab-shop.com/creation-dossier-cosmetologique/,/creation-dossier-cosmetologique,2025-12-18T11:03:33+00:00
page,https://www.mylab-shop.com/la-boutique-my-lab/,/la-boutique-my-lab,2026-01-09T12:53:04+00:00
page,https://www.mylab-shop.com/testez-les-produits/,/testez-les-produits,2026-01-19T08:26:47+00:00
page,https://www.mylab-shop.com/faq-my-lab/,/faq-my-lab,2026-01-23T13:08:05+00:00
page,https://www.mylab-shop.com/les-etapes-pour-creer-sa-marque-de-cosmetique-capillaire/,/les-etapes-pour-creer-sa-marque-de-cosmetique-capillaire,2026-01-23T13:09:15+00:00
product,https://www.mylab-shop.com/la-boutique-my-lab/,/la-boutique-my-lab,2026-05-04T14:26:01+00:00
product,https://www.mylab-shop.com/produit/fresh/,/produit/fresh,2025-06-25T08:45:38+00:00
product,https://www.mylab-shop.com/produit/number/,/produit/number,2025-06-25T08:45:39+00:00
product,https://www.mylab-shop.com/produit/azul/,/produit/azul,2025-06-25T08:45:39+00:00
product,https://www.mylab-shop.com/produit/gel-a-raser/,/produit/gel-a-raser,2025-06-25T08:45:41+00:00
product,https://www.mylab-shop.com/produit/coffret-decouverte-barber/,/produit/coffret-decouverte-barber,2025-06-25T08:45:41+00:00
product,https://www.mylab-shop.com/produit/pack-barber/,/produit/pack-barber,2025-06-25T08:45:41+00:00
product,https://www.mylab-shop.com/produit/baume-apaisant/,/produit/baume-apaisant,2025-06-25T08:45:42+00:00
product,https://www.mylab-shop.com/produit/etiquette-finesse/,/produit/etiquette-finesse,2025-06-25T08:45:43+00:00
product,https://www.mylab-shop.com/produit/duo-purifiant/,/produit/duo-purifiant,2025-06-25T08:45:47+00:00
product,https://www.mylab-shop.com/produit/trio-protecteur-de-couleur/,/produit/trio-protecteur-de-couleur,2025-06-25T08:45:48+00:00
product,https://www.mylab-shop.com/produit/trio-lissant/,/produit/trio-lissant,2025-06-25T08:45:48+00:00
product,https://www.mylab-shop.com/produit/trio-boucles/,/produit/trio-boucles,2025-06-25T08:45:49+00:00
product,https://www.mylab-shop.com/produit/trio-nourrissant/,/produit/trio-nourrissant,2025-06-25T08:45:49+00:00
product,https://www.mylab-shop.com/produit/trio-volume/,/produit/trio-volume,2025-06-25T08:45:49+00:00
product,https://www.mylab-shop.com/produit/trio-ha-repulpe/,/produit/trio-ha-repulpe,2025-06-25T08:45:50+00:00
product,https://www.mylab-shop.com/produit/etiquette-and-yellow/,/produit/etiquette-and-yellow,2025-06-25T08:45:51+00:00
product,https://www.mylab-shop.com/produit/etiquette-prestige/,/produit/etiquette-prestige,2025-06-25T08:45:51+00:00
product,https://www.mylab-shop.com/produit/etiquette-aquarel/,/produit/etiquette-aquarel,2025-06-25T08:45:52+00:00
product,https://www.mylab-shop.com/produit/etiquette-green-floral/,/produit/etiquette-green-floral,2025-06-25T08:45:52+00:00
product,https://www.mylab-shop.com/produit/etiquette-gentleman/,/produit/etiquette-gentleman,2025-06-25T08:45:52+00:00
product,https://www.mylab-shop.com/produit/etiquette-feuillage-graphique/,/produit/etiquette-feuillage-graphique,2025-06-25T08:45:53+00:00
product,https://www.mylab-shop.com/produit/etiquette-zebra/,/produit/etiquette-zebra,2025-06-25T08:45:53+00:00
product,https://www.mylab-shop.com/produit/pack-de-revente/,/produit/pack-de-revente,2025-06-25T08:45:54+00:00
product,https://www.mylab-shop.com/produit/offre-pack-complet/,/produit/offre-pack-complet,2025-06-25T08:46:04+00:00
product,https://www.mylab-shop.com/produit/video-promo/,/produit/video-promo,2025-06-25T08:46:05+00:00
product,https://www.mylab-shop.com/produit/catalogue-personnalise/,/produit/catalogue-personnalise,2025-06-25T08:46:06+00:00
product,https://www.mylab-shop.com/produit/shampoing-dejaunisseur-platine-2/,/produit/shampoing-dejaunisseur-platine-2,2025-06-26T07:26:05+00:00
product,https://www.mylab-shop.com/produit/shampoing-gel-douche-testeur/,/produit/shampoing-gel-douche-testeur,2025-06-26T07:26:08+00:00
product,https://www.mylab-shop.com/produit/cire-brillante-de-finition-en-50-ml/,/produit/cire-brillante-de-finition-en-50-ml,2025-08-06T09:46:59+00:00
product,https://www.mylab-shop.com/produit/baume-matifiant-a-largile-verte-testeur/,/produit/baume-matifiant-a-largile-verte-testeur,2025-08-06T09:47:40+00:00
product,https://www.mylab-shop.com/produit/baume-matifiant/,/produit/baume-matifiant,2025-08-06T09:47:47+00:00
product,https://www.mylab-shop.com/produit/cire-mat-50ml/,/produit/cire-mat-50ml,2025-08-06T09:47:57+00:00
product,https://www.mylab-shop.com/produit/pate-texturisante-a-largile-blanche-testeur/,/produit/pate-texturisante-a-largile-blanche-testeur,2025-08-06T09:48:30+00:00
product,https://www.mylab-shop.com/produit/pate-texturisante-50ml/,/produit/pate-texturisante-50ml,2025-08-06T09:48:38+00:00
product,https://www.mylab-shop.com/produit/cire-gummy-50ml/,/produit/cire-gummy-50ml,2025-08-06T09:48:45+00:00
product,https://www.mylab-shop.com/produit/creation-de-codes-barres-professionnels/,/produit/creation-de-codes-barres-professionnels,2025-08-27T12:52:45+00:00
product,https://www.mylab-shop.com/produit/coffret-decouverte/,/produit/coffret-decouverte,2025-09-24T09:23:15+00:00
product,https://www.mylab-shop.com/produit/masque-cuivre-intense-testeur/,/produit/masque-cuivre-intense-testeur,2025-09-24T11:12:57+00:00
product,https://www.mylab-shop.com/produit/masque-chocolat-testeur/,/produit/masque-chocolat-testeur,2025-09-24T11:15:47+00:00
product,https://www.mylab-shop.com/produit/shampoing-chocolat-testeur/,/produit/shampoing-chocolat-testeur,2025-10-03T12:55:20+00:00
product,https://www.mylab-shop.com/produit/forfait-dimpression-standard/,/produit/forfait-dimpression-standard,2025-10-10T06:49:19+00:00
product,https://www.mylab-shop.com/produit/masque-1l-coloristeur-cuivre-intense/,/produit/masque-1l-coloristeur-cuivre-intense,2025-11-12T12:39:29+00:00
product,https://www.mylab-shop.com/produit/masque-1l-coloristeur-marron-noisette/,/produit/masque-1l-coloristeur-marron-noisette,2025-11-12T12:39:30+00:00
product,https://www.mylab-shop.com/produit/masque-1l-coloristeur-chocolat/,/produit/masque-1l-coloristeur-chocolat,2025-11-12T12:39:30+00:00
product,https://www.mylab-shop.com/produit/masque-1l-coloristeur-blond-vanillle/,/produit/masque-1l-coloristeur-blond-vanillle,2025-11-12T12:39:31+00:00
product,https://www.mylab-shop.com/produit/masque-1l-coloristeur-blond-soleil/,/produit/masque-1l-coloristeur-blond-soleil,2025-11-12T12:39:31+00:00
product,https://www.mylab-shop.com/produit/masque-1l-dejaunisseur-platine/,/produit/masque-1l-dejaunisseur-platine,2025-11-12T12:39:32+00:00
product,https://www.mylab-shop.com/produit/shampoing-1l-coloristeur-chocolat/,/produit/shampoing-1l-coloristeur-chocolat,2025-11-12T12:39:34+00:00
product,https://www.mylab-shop.com/produit/masque-coloristeur-chocolat/,/produit/masque-coloristeur-chocolat,2025-11-12T12:40:24+00:00
product,https://www.mylab-shop.com/produit/masque-coloristeur-marron-noisette/,/produit/masque-coloristeur-marron-noisette,2025-11-12T12:40:25+00:00
product,https://www.mylab-shop.com/produit/masque-coloristeur-cuivre/,/produit/masque-coloristeur-cuivre,2025-11-12T12:40:26+00:00
product,https://www.mylab-shop.com/produit/shampoing-coloristeur-chocolat/,/produit/shampoing-coloristeur-chocolat,2025-11-12T12:40:28+00:00
product,https://www.mylab-shop.com/produit/shampoing-coloristeur-blond-soleil/,/produit/shampoing-coloristeur-blond-soleil,2025-11-12T12:40:28+00:00
product,https://www.mylab-shop.com/produit/creme-lissante-testeur/,/produit/creme-lissante-testeur,2025-11-12T12:43:59+00:00
product,https://www.mylab-shop.com/produit/creme-ha-repulpe-testeur/,/produit/creme-ha-repulpe-testeur,2025-11-12T12:44:00+00:00
product,https://www.mylab-shop.com/produit/spray-texturisant-testeur/,/produit/spray-texturisant-testeur,2025-11-12T12:44:00+00:00
product,https://www.mylab-shop.com/produit/nourrissante-testeur/,/produit/nourrissante-testeur,2025-11-12T12:44:01+00:00
product,https://www.mylab-shop.com/produit/creme-boucles-testeur/,/produit/creme-boucles-testeur,2025-11-12T12:44:02+00:00
product,https://www.mylab-shop.com/produit/creme-protecteur-de-couleur-testeur/,/produit/creme-protecteur-de-couleur-testeur,2025-11-12T12:44:02+00:00
product,https://www.mylab-shop.com/produit/shampoing-nourrissant-testeur/,/produit/shampoing-nourrissant-testeur,2025-11-12T12:44:03+00:00
product,https://www.mylab-shop.com/produit/creme-volume-testeur/,/produit/creme-volume-testeur,2025-11-12T12:44:03+00:00
product,https://www.mylab-shop.com/produit/shampoing-volume-testeur/,/produit/shampoing-volume-testeur,2025-11-12T12:44:04+00:00
product,https://www.mylab-shop.com/produit/shampoing-harepulpe-testeur/,/produit/shampoing-harepulpe-testeur,2025-11-12T12:44:05+00:00
product,https://www.mylab-shop.com/produit/shampoing-protecteur-de-couleur-testeur/,/produit/shampoing-protecteur-de-couleur-testeur,2025-11-12T12:44:05+00:00
product,https://www.mylab-shop.com/produit/shampoing-purifiant-testeur/,/produit/shampoing-purifiant-testeur,2025-11-12T12:44:06+00:00
product,https://www.mylab-shop.com/produit/shampoing-boucles-testeur/,/produit/shampoing-boucles-testeur,2025-11-12T12:44:06+00:00
product,https://www.mylab-shop.com/produit/shampoing-lissant-testeur/,/produit/shampoing-lissant-testeur,2025-11-12T12:44:07+00:00
product,https://www.mylab-shop.com/produit/masque-nourrissant-testeur/,/produit/masque-nourrissant-testeur,2025-11-12T12:45:03+00:00
product,https://www.mylab-shop.com/produit/masque-boucles-testeur/,/produit/masque-boucles-testeur,2025-11-12T12:45:05+00:00
product,https://www.mylab-shop.com/produit/masque-lissant-testeur/,/produit/masque-lissant-testeur,2025-11-12T12:45:05+00:00
product,https://www.mylab-shop.com/produit/masque-protecteur-de-couleur-testeur/,/produit/masque-protecteur-de-couleur-testeur,2025-11-12T12:45:06+00:00
product,https://www.mylab-shop.com/produit/masque-ha-repulpe-testeur/,/produit/masque-ha-repulpe-testeur,2025-11-12T12:45:06+00:00
product,https://www.mylab-shop.com/produit/duo-produits-de-finition/,/produit/duo-produits-de-finition,2025-11-12T12:46:43+00:00
product,https://www.mylab-shop.com/produit/shampoing-nourrissant/,/produit/shampoing-nourrissant,2025-11-12T12:58:48+00:00
product,https://www.mylab-shop.com/produit/forfait-impression-couleur/,/produit/forfait-impression-couleur,2025-11-12T14:15:24+00:00
product,https://www.mylab-shop.com/produit/masque-dejaunisseur-platine/,/produit/masque-dejaunisseur-platine,2025-11-18T09:21:41+00:00
product,https://www.mylab-shop.com/produit/adhesion-mylab/,/produit/adhesion-mylab,2025-11-19T05:31:49+00:00
product,https://www.mylab-shop.com/produit/etiquettes-sur-mesure/,/produit/etiquettes-sur-mesure,2025-11-19T05:36:37+00:00
product,https://www.mylab-shop.com/produit/masque-blond-soleil-testeur/,/produit/masque-blond-soleil-testeur,2025-12-01T08:00:34+00:00
product,https://www.mylab-shop.com/produit/masque-platine-testeur/,/produit/masque-platine-testeur,2025-12-01T08:00:36+00:00
product,https://www.mylab-shop.com/produit/masque-coloristeur-blond-soleil/,/produit/masque-coloristeur-blond-soleil,2025-12-01T08:00:44+00:00
product,https://www.mylab-shop.com/produit/masque-coloristeur-blond-vanille/,/produit/masque-coloristeur-blond-vanille,2025-12-01T08:00:45+00:00
product,https://www.mylab-shop.com/produit/shampoing-ha-repulpe-1-l/,/produit/shampoing-ha-repulpe-1-l,2025-12-29T08:39:48+00:00
product,https://www.mylab-shop.com/produit/shampoing-nourrissant-1-l/,/produit/shampoing-nourrissant-1-l,2025-12-29T08:41:40+00:00
product,https://www.mylab-shop.com/produit/masque-nourrissant-1-l/,/produit/masque-nourrissant-1-l,2025-12-29T08:41:56+00:00
product,https://www.mylab-shop.com/produit/masque-volume-1-l/,/produit/masque-volume-1-l,2025-12-29T08:42:08+00:00
product,https://www.mylab-shop.com/produit/masque-boucles-1-l/,/produit/masque-boucles-1-l,2025-12-29T08:42:48+00:00
product,https://www.mylab-shop.com/produit/masque-ha-repulpe-1l/,/produit/masque-ha-repulpe-1l,2025-12-29T08:43:13+00:00
product,https://www.mylab-shop.com/produit/masque-protecteur-de-couleur-1-l/,/produit/masque-protecteur-de-couleur-1-l,2025-12-29T08:43:22+00:00
product,https://www.mylab-shop.com/produit/masque-lissant-1-l/,/produit/masque-lissant-1-l,2025-12-29T08:44:14+00:00
product,https://www.mylab-shop.com/produit/shampoing-boucles-1l/,/produit/shampoing-boucles-1l,2025-12-29T08:52:59+00:00
product,https://www.mylab-shop.com/produit/shampoing-lissant-1l/,/produit/shampoing-lissant-1l,2025-12-29T08:53:32+00:00
product,https://www.mylab-shop.com/produit/shampoing-purifiant-1l/,/produit/shampoing-purifiant-1l,2025-12-29T08:53:41+00:00
product,https://www.mylab-shop.com/produit/creme-lissante-2/,/produit/creme-lissante-2,2025-12-29T08:55:17+00:00
product,https://www.mylab-shop.com/produit/spray-texturisant-2/,/produit/spray-texturisant-2,2025-12-29T08:55:23+00:00
product,https://www.mylab-shop.com/produit/creme-ha-repulpe-2/,/produit/creme-ha-repulpe-2,2025-12-29T08:55:41+00:00
product,https://www.mylab-shop.com/produit/creme-nourrissante/,/produit/creme-nourrissante,2025-12-29T08:57:36+00:00
product,https://www.mylab-shop.com/produit/creme-protectrice-de-couleur/,/produit/creme-protectrice-de-couleur,2025-12-29T09:01:42+00:00
product,https://www.mylab-shop.com/produit/masque-protecteur/,/produit/masque-protecteur,2025-12-29T09:02:01+00:00
product,https://www.mylab-shop.com/produit/shampoing-purifiant/,/produit/shampoing-purifiant,2025-12-29T09:02:48+00:00
product,https://www.mylab-shop.com/produit/shampoing-lissant/,/produit/shampoing-lissant,2025-12-29T09:02:58+00:00
product,https://www.mylab-shop.com/produit/creme-boucle/,/produit/creme-boucle,2025-12-29T09:03:04+00:00
product,https://www.mylab-shop.com/produit/creme-volume/,/produit/creme-volume,2025-12-29T09:03:53+00:00
product,https://www.mylab-shop.com/produit/shampoing-volume-2/,/produit/shampoing-volume-2,2025-12-29T09:06:10+00:00
product,https://www.mylab-shop.com/produit/frais-dimpression-etiquettes/,/produit/frais-dimpression-etiquettes,2026-01-06T16:00:04+00:00
product,https://www.mylab-shop.com/produit/shampoing-volume-1l/,/produit/shampoing-volume-1l,2026-01-09T08:50:20+00:00
product,https://www.mylab-shop.com/produit/masque-nourrissant/,/produit/masque-nourrissant,2026-01-14T14:18:02+00:00
product,https://www.mylab-shop.com/produit/masque-lissant/,/produit/masque-lissant,2026-01-14T14:19:30+00:00
product,https://www.mylab-shop.com/produit/masque-boucles/,/produit/masque-boucles,2026-01-14T14:21:26+00:00
product,https://www.mylab-shop.com/produit/huile-a-barbe-testeur/,/produit/huile-a-barbe-testeur,2026-01-27T07:27:44+00:00
product,https://www.mylab-shop.com/produit/huile-a-barbe-au-cbd/,/produit/huile-a-barbe-au-cbd,2026-01-27T07:39:15+00:00
product,https://www.mylab-shop.com/produit/bain-miraculeux/,/produit/bain-miraculeux,2026-01-27T07:39:40+00:00
product,https://www.mylab-shop.com/produit/etiquette-ornement/,/produit/etiquette-ornement,2026-02-25T07:41:15+00:00
product,https://www.mylab-shop.com/produit/masque-reparateur-sans-rincage/,/produit/masque-reparateur-sans-rincage,2026-03-02T14:33:30+00:00
product,https://www.mylab-shop.com/produit/masque-reparateur-sans-rincage-testeur/,/produit/masque-reparateur-sans-rincage-testeur,2026-03-11T10:24:17+00:00
product,https://www.mylab-shop.com/produit/shampoing-dejaunisseur-platine/,/produit/shampoing-dejaunisseur-platine,2026-03-19T09:19:03+00:00
product,https://www.mylab-shop.com/produit/masque-blond-vanille-testeur/,/produit/masque-blond-vanille-testeur,2026-03-25T15:32:31+00:00
product,https://www.mylab-shop.com/produit/shampoing-blond-vanille-testeur-2/,/produit/shampoing-blond-vanille-testeur-2,2026-03-25T15:32:45+00:00
product,https://www.mylab-shop.com/produit/shampoing-coloristeur-blond-vanille/,/produit/shampoing-coloristeur-blond-vanille,2026-03-25T15:33:10+00:00
product,https://www.mylab-shop.com/produit/shampoing-1l-coloristeur-blond-vanille/,/produit/shampoing-1l-coloristeur-blond-vanille,2026-03-25T15:33:25+00:00
product,https://www.mylab-shop.com/produit/shampoing-blond-vanille-testeur/,/produit/shampoing-blond-vanille-testeur,2026-03-25T15:33:51+00:00
product,https://www.mylab-shop.com/produit/shampoing-1l-coloristeur-blond-soleil/,/produit/shampoing-1l-coloristeur-blond-soleil,2026-03-25T15:34:14+00:00
product,https://www.mylab-shop.com/produit/masque-marron-noisette-testeur/,/produit/masque-marron-noisette-testeur,2026-03-25T15:36:17+00:00
product,https://www.mylab-shop.com/produit/shampoing-coloristeur-marron-noisette/,/produit/shampoing-coloristeur-marron-noisette,2026-03-25T15:36:33+00:00
product,https://www.mylab-shop.com/produit/shampoing-1l-coloristeur-marron-noisette/,/produit/shampoing-1l-coloristeur-marron-noisette,2026-03-25T15:36:42+00:00
product,https://www.mylab-shop.com/produit/shampoing-marron-noisette-testeur/,/produit/shampoing-marron-noisette-testeur,2026-03-25T15:36:51+00:00
product,https://www.mylab-shop.com/produit/shampoing-cuivre-intense-testeur/,/produit/shampoing-cuivre-intense-testeur,2026-03-25T15:42:27+00:00
product,https://www.mylab-shop.com/produit/shampoing-1l-coloristeur-cuivre/,/produit/shampoing-1l-coloristeur-cuivre,2026-03-25T15:42:55+00:00
product,https://www.mylab-shop.com/produit/shampoing-coloristeur-cuivre/,/produit/shampoing-coloristeur-cuivre,2026-03-25T15:43:07+00:00
product,https://www.mylab-shop.com/produit/shampoing-protecteur-de-couleur-1l/,/produit/shampoing-protecteur-de-couleur-1l,2026-03-26T08:47:27+00:00
product,https://www.mylab-shop.com/produit/masque-volume/,/produit/masque-volume,2026-03-31T07:15:44+00:00
product,https://www.mylab-shop.com/produit/masque-volume-testeur/,/produit/masque-volume-testeur,2026-03-31T07:15:51+00:00
product,https://www.mylab-shop.com/produit/shampoing-1l-dejaunisseur-platine/,/produit/shampoing-1l-dejaunisseur-platine,2026-04-01T15:47:59+00:00
product,https://www.mylab-shop.com/produit/masque-ha-repulpe/,/produit/masque-ha-repulpe,2026-04-09T10:15:29+00:00
product,https://www.mylab-shop.com/produit/serum-finition-ultime-testeur/,/produit/serum-finition-ultime-testeur,2026-04-14T13:21:06+00:00
product,https://www.mylab-shop.com/produit/serum-finition-ultime/,/produit/serum-finition-ultime,2026-04-14T13:21:21+00:00
product,https://www.mylab-shop.com/produit/masque-capillaire-pour-homme-au-cbd/,/produit/masque-capillaire-pour-homme-au-cbd,2026-04-22T08:21:34+00:00
product,https://www.mylab-shop.com/produit/masque-intense-testeur/,/produit/masque-intense-testeur,2026-04-22T08:21:55+00:00
product,https://www.mylab-shop.com/produit/shampoing-repulpe/,/produit/shampoing-repulpe,2026-04-23T11:31:42+00:00
product,https://www.mylab-shop.com/produit/shampoing-boucle/,/produit/shampoing-boucle,2026-04-23T11:33:45+00:00
product,https://www.mylab-shop.com/produit/shampoing-protecteur-de-couleur/,/produit/shampoing-protecteur-de-couleur,2026-04-23T11:40:51+00:00
product,https://www.mylab-shop.com/produit/shampoing-gel-douche-1-l/,/produit/shampoing-gel-douche-1-l,2026-04-24T10:00:42+00:00
product,https://www.mylab-shop.com/produit/shampoing-gel-douche-homme/,/produit/shampoing-gel-douche-homme,2026-04-24T10:01:52+00:00
product,https://www.mylab-shop.com/produit/serum-barbe-testeur/,/produit/serum-barbe-testeur,2026-04-29T12:19:45+00:00
product,https://www.mylab-shop.com/produit/serum-barbe/,/produit/serum-barbe,2026-04-29T12:19:58+00:00
product,https://www.mylab-shop.com/produit/bain-miraculeux-testeur/,/produit/bain-miraculeux-testeur,2026-05-04T14:26:01+00:00
product_cat,https://www.mylab-shop.com/categorie-produit/coloristeur/,/categorie-produit/coloristeur,2026-04-01T15:47:59+00:00
product_cat,https://www.mylab-shop.com/categorie-produit/coloristeur-masque-1l/,/categorie-produit/coloristeur-masque-1l,2025-11-12T12:39:32+00:00
product_cat,https://www.mylab-shop.com/categorie-produit/coloristeur-masque-200-ml/,/categorie-produit/coloristeur-masque-200-ml,2025-12-01T08:00:45+00:00
product_cat,https://www.mylab-shop.com/categorie-produit/coloristeur-shampoing-1l/,/categorie-produit/coloristeur-shampoing-1l,2026-04-01T15:47:59+00:00
product_cat,https://www.mylab-shop.com/categorie-produit/coloristeur-shampoing-200-ml/,/categorie-produit/coloristeur-shampoing-200-ml,2026-03-25T15:43:07+00:00
product_cat,https://www.mylab-shop.com/categorie-produit/etiquette-personnalisable/,/categorie-produit/etiquette-personnalisable,2026-02-25T07:41:15+00:00
product_cat,https://www.mylab-shop.com/categorie-produit/gamme-barber/,/categorie-produit/gamme-barber,2026-04-29T12:19:58+00:00
product_cat,https://www.mylab-shop.com/categorie-produit/gamme-mixte/,/categorie-produit/gamme-mixte,2026-04-23T11:40:51+00:00
product_cat,https://www.mylab-shop.com/categorie-produit/huiles/,/categorie-produit/huiles,2026-01-27T07:39:40+00:00
product_cat,https://www.mylab-shop.com/categorie-produit/le-gel-apres-rasage/,/categorie-produit/le-gel-apres-rasage,2025-06-25T08:45:41+00:00
product_cat,https://www.mylab-shop.com/categorie-produit/les-baumes/,/categorie-produit/les-baumes,2025-06-25T08:45:42+00:00
product_cat,https://www.mylab-shop.com/categorie-produit/les-cires/,/categorie-produit/les-cires,2025-08-06T09:48:45+00:00
product_cat,https://www.mylab-shop.com/categorie-produit/testeur-produit/,/categorie-produit/testeur-produit,2026-05-04T14:26:01+00:00
product_cat,https://www.mylab-shop.com/categorie-produit/gamme-mixte/masque-1l/,/categorie-produit/gamme-mixte/masque-1l,2025-12-29T08:44:14+00:00
product_cat,https://www.mylab-shop.com/categorie-produit/gamme-mixte/produits-de-finitions/,/categorie-produit/gamme-mixte/produits-de-finitions,2026-04-14T13:21:21+00:00
product_cat,https://www.mylab-shop.com/categorie-produit/serums/,/categorie-produit/serums,2026-04-29T12:19:58+00:00
product_cat,https://www.mylab-shop.com/categorie-produit/gamme-mixte/shampoing-1l/,/categorie-produit/gamme-mixte/shampoing-1l,2026-04-24T10:00:42+00:00
product_cat,https://www.mylab-shop.com/categorie-produit/testeur-coloristeur-masque/,/categorie-produit/testeur-coloristeur-masque,2026-03-25T15:36:17+00:00
product_cat,https://www.mylab-shop.com/categorie-produit/testeur-coloristeur-shampoing/,/categorie-produit/testeur-coloristeur-shampoing,2026-03-25T15:42:27+00:00
product_cat,https://www.mylab-shop.com/categorie-produit/testeur-creme/,/categorie-produit/testeur-creme,2025-11-12T12:44:03+00:00
product_cat,https://www.mylab-shop.com/categorie-produit/testeur-masque/,/categorie-produit/testeur-masque,2026-04-22T08:21:55+00:00
product_cat,https://www.mylab-shop.com/categorie-produit/testeur-shampoing/,/categorie-produit/testeur-shampoing,2025-11-12T12:44:07+00:00
product_cat,https://www.mylab-shop.com/categorie-produit/testeur-soin/,/categorie-produit/testeur-soin,2026-05-04T14:26:01+00:00
product_cat,https://www.mylab-shop.com/categorie-produit/gamme-mixte/cremes/,/categorie-produit/gamme-mixte/cremes,2025-12-29T09:03:53+00:00
product_cat,https://www.mylab-shop.com/categorie-produit/gamme-mixte/les-ha-repulpe/,/categorie-produit/gamme-mixte/les-ha-repulpe,2026-04-23T11:31:42+00:00
product_cat,https://www.mylab-shop.com/categorie-produit/gamme-mixte/les-boucles/,/categorie-produit/gamme-mixte/les-boucles,2026-04-23T11:33:45+00:00
product_cat,https://www.mylab-shop.com/categorie-produit/gamme-mixte/les-protecteurs-de-couleur/,/categorie-produit/gamme-mixte/les-protecteurs-de-couleur,2026-04-23T11:40:51+00:00
product_cat,https://www.mylab-shop.com/categorie-produit/gamme-mixte/les-lissants/,/categorie-produit/gamme-mixte/les-lissants,2026-01-14T14:19:30+00:00
product_cat,https://www.mylab-shop.com/categorie-produit/gamme-mixte/les-nourrissants/,/categorie-produit/gamme-mixte/les-nourrissants,2026-01-14T14:18:02+00:00
product_cat,https://www.mylab-shop.com/categorie-produit/gamme-mixte/les-purifiants/,/categorie-produit/gamme-mixte/les-purifiants,2025-12-29T09:02:48+00:00
product_cat,https://www.mylab-shop.com/categorie-produit/gamme-mixte/les-sprays/,/categorie-produit/gamme-mixte/les-sprays,2025-12-29T08:55:23+00:00
product_cat,https://www.mylab-shop.com/categorie-produit/gamme-mixte/les-volumes/,/categorie-produit/gamme-mixte/les-volumes,2026-03-31T07:15:44+00:00
product_cat,https://www.mylab-shop.com/categorie-produit/marketing-personnalisable/,/categorie-produit/marketing-personnalisable,2025-11-12T14:15:24+00:00
product_cat,https://www.mylab-shop.com/categorie-produit/gamme-mixte/masques/,/categorie-produit/gamme-mixte/masques,2026-04-09T10:15:29+00:00
product_cat,https://www.mylab-shop.com/categorie-produit/pack-de-lancement/,/categorie-produit/pack-de-lancement,2025-06-25T08:46:04+00:00
product_cat,https://www.mylab-shop.com/categorie-produit/gamme-mixte/shampoings/,/categorie-produit/gamme-mixte/shampoings,2026-04-23T11:40:51+00:00
product_tag,https://www.mylab-shop.com/etiquette-produit/200ml/,/etiquette-produit/200ml,2026-04-22T08:21:55+00:00
product_tag,https://www.mylab-shop.com/etiquette-produit/50ml/,/etiquette-produit/50ml,2026-05-04T14:26:01+00:00
product_tag,https://www.mylab-shop.com/etiquette-produit/coiffants/,/etiquette-produit/coiffants,2025-08-06T09:48:38+00:00
product_tag,https://www.mylab-shop.com/etiquette-produit/masque-1l/,/etiquette-produit/masque-1l,2025-12-29T08:44:14+00:00
product_tag,https://www.mylab-shop.com/etiquette-produit/shampoing-1l/,/etiquette-produit/shampoing-1l,2026-04-24T10:00:42+00:00
